medical_record_number,first_name,last_name,visit_id,date,time_spent,height(cm),weight(kg),charge,supplies_used
12984,Jory,Crane,1,8/20/94,30 minutes,174,94.0,34.77,0.0
40876,Dara,Quill,2,4/25/94,30 minutes,150,74.0,97.68,12.0
20418,Briar,Hollis,3,6/23/94,10 minutes,164,59.0,38.04,14.0
51009,Elio,Thorne,4,6/15/94,,173,75.0,97.19,14.0
81790,Hollis,Ash,5,8/10/94,30 minutes,169,55.0,27.62,12.0
71562,Gale,Wren,6,2/2/94,1 hour,151,49.0,61.28,7.0
92045,Isla,Brook,7,12/24/94,20 minutes,168,75.0,64.66,-4.0
30552,Cedric,Marsh,8,12/1/94,5 minutes,158,107.0,32.07,10.0
99999,Hollis,Ash,9,5/14/94,5 minutes,175,98.0,26.99,8.0
30552,Cedric,Marsh,10,12/25/94,15 minute,171,105.0,80.37,12.0
10231,Alder,Finch,11,9/14/94,5 minutes,160,77.0,65.85,9.0
92045,ISLA,Brook,12,9/11/94,20 minutes,175,47.0,52.64,0.0
61347,Fenna,Vale,13,2/30/94,5 minutes,166,97.0,51.74,8.0
12984,Jory,Crane,14,5/17/94,15 minutes,175,71.0,84.41,9.0
12984,Jory,Crane,15,2/16/94,15 minutes,2500,56.0,54.27,12.0
10231,Alder,Finch,16,5/28/94,30 minutes,159,40.0,43.05,10.0
51009,Elio,Thorne,17,11/3/94,20 minutes,172,49.0,102.96,7.0
12984,Jory,Crane,18,8/26/94,,173,59.0,31.17,2.0
81790,Hollis,Ash,19,12/7/94,20 minutes,152,52.0,107.25,14.0
71562,Gale,Wren,20,8/16/94,5 minutes,165,108.0,36.34,
81790,Hollis,Ash,21,1/28/94,30 minutes,173,72.0,70.24,7.0
40876,Dara,Quill,22,6/22/94,5 minutes,151,90.0,13.34,5.0
12984,Jory,Crane,23,2/12/94,2 hours,154,86.0,57.1,1.0
61347,Fenna,Vale,24,6/25/94,25 minutes,164,44.0,85.21,8.0
92045,Isla,Brook,25,5/26/94,20 minutes,172,93.0,110.01,14.0
20418,Briar,Hollis,26,not a date,10 minutes,150,80.0,99.16,11.0
71562,Gale,Wren,27,2/24/94,15 minutes,185,97.0,11.57,12.0
71562,Gale,Wren,28,6/23/94,30 minutes,171,46.0,34.91,10.0
20418,Briar,Hollis,29,3/26/94,15 minutes,154,52.0,48.07,250.0
12984,Jory,Crane,30,11/17/94,30 minutes,164,49.0,114.72,4.0
30552,Cedric,Marsh,31,6/6/94,20 minuets,156,76.0,67.33,13.0
92045,Isla,Brook,32,10/21/94,20 minutes,174,98.0,106.6,6.0
40876,Dara,Quill,33,5/21/94,30 minutes,154,44.0,57.3,2.0
61347,Fenna,Vale,34,,25 minutes,160,95.0,84.41,12.0
40876,Dara,Quill,35,9/4/94,20 minutes,188,108.0,46.59,9.0
40876,Dara,Quill,36,9/6/94,10 minutes,152,72.0,110.7,3.0
92045,Isla,brook,37,11/17/94,5 minutes,181,82.0,62.71,2.0
61347,Fenna,Vale,38,6/19/94,15 minutes,162,48.0,61.24,14.0
30552,Cedric,Marsh,39,1994-07-04,20 minutes,153,52.0,16.81,10.0
51009,Elio,Thorne,40,1/22/94,25 minutes,184,102.0,22.45,10.0
12984,Jory,Crane,41,11/20/94,25 minutes,181,101.0,67.56,12.0
12984,Jory,Crane,42,4/2/94,,151,70.0,37.8,0.0
81790,Hollis,Ash,43,3/27/94,10 minutes,190,79.0,14.29,4.0
61347,Fenna,Vale,44,2/5/94,5 minutes,178,46.0,44.16,0.0
15689,Fenna,Vale,45,12/25/94,20 minutes,177,96.0,82.38,3.0
71562,Gale,Wren,46,3/6/94,25 minutes,174,66.0,98.18,0.0
51009,Elio,Thorne,47,12/26/94,30 minutes,150,43.0,47.25,12.0
40876,Dara,Quill,48,2/4/94,10 minutes,610,48.0,44.51,11.0
71562,Gale,Wren,49,11/13/94,25 minutes,162,49.0,94.35,11.0
92045,Isla,Brook,50,6/6/94,20 minutes,174,67.0,77.03,9.0
81790,Hollis,Ash,51,2/13/94,20 minutes,152,84.0,100.63,10.0
92045,Isla,Brook,52,5/10/94,5 minutes,180,62.0,108.22,13.0
20418,Briar,Hollis,53,2/10/94,5 minutes,170,85.0,33.61,
61347,Fenna,Vale,54,8/27/94,30 minutes,165,51.0,60.22,3.0
12984,Jory,Crane,55,8/17/94,5 minutes,174,66.0,24.71,2.0
71562,Gale,Wren,56,9/24/94,20 minutes,165,,69.35,5.0
30552,Cedric,Marsh,57,3/20/94,10 minutes,158,63.0,60.32,8.0
10231,Alder,Finch,58,5/22/94,25 minutes,174,101.0,18.53,4.0
20418,Briar,Hollis,59,10/26/94,5 minutes,171,49.0,24.38,9.0
10231,Alder,Finch,60,9/26/94,25 minutes,161,98.0,101.61,4.0
51009,Elio,Thorne,61,8/24/94,10 minutes,150,70.0,107.23,13.0
40876,Dara,Quill,62,4/20/94,15 minutes,154,86.0,95.41,10.0
61347,Fenna,Vale,63,10/24/94,25 minutes,164,65.0,17.06,3.0
61347,Fenna,Vale,64,12/22/94,25 minutes,158,59.0,68.97,3.0
30552,Cedric,Marsh,65,9/18/94,30 minutes,173,48.0,30.27,0.0
81790,Hollis,Ash,66,6/19/94,5 minutes,180,68.0,113.31,14.0
81790,Hollis,Ash,67,11/3/94,25 minutes,175,67.0,80.54,2.0
20418,Briar,Hollis,68,11/22/94,20 minutes,181,62.0,58.93,10.0
20418,Briar,Hollis,69,5/10/94,15 minutes,170,42.0,102.88,6.0
61347,Fenna,Vale,70,2/11/94,30 minutes,173,41.0,51.96,10.0
